original_Institution_Name,original_Branch_Name,original_Address,lat,lon,suburb
City National Bank,City National Bank,555 S Flower St,34.05048,-118.25755,Downtown Los Angeles
Columbia Bank,FAIRFAX BRANCH,110 S Fairfax Ave,34.073612,-118.3609531,Fairfax
Cathay Bank,Cathay Bank,777 N Broadway,34.0618561,-118.2386571,Chinatown
SMBC MANUBANK,SMBC MANUBANK,"515 South Figueroa Street, Ground Floor",34.05209345,-118.2580793,Downtown
BMO Bank National Association,L.A. BUNKER HILL BRANCH,300 S Grand Ave,34.052874,-118.251217,Downtown
CTBC Bank Corp. (USA),CTBC Bank Corp. (USA),801 S Figueroa St,34.047907,-118.26135,Downtown
Beneficial State Bank,EAST LOS ANGELES BRANCH,3626 E 1st St,34.03592927,-118.1883428,East Los Angeles
BMO Bank National Association,L.A. MAIN BRANCH,915 Wilshire Blvd,34.05029057,-118.259435,Downtown
GBC International Bank,GBC International Bank,333 S Grand Ave,34.05225064,-118.2518022,Downtown
Comerica Bank,WESTWOOD BRANCH,1021 Glendon Ave,34.06212798,-118.4442223,Westwood
"The Bank of New York Mellon Trust Company, National Association","The Bank of New York Mellon Trust Company, National Association",333 S Hope St,34.05361745,-118.2532727,Downtown
U.S. Bank National Association,HOLLYWOOD  - 6922 HOLLYWOOD BRANCH,6922 Hollywood Blvd,34.1013281,-118.3409761,Hollywood
State Bank of India (California),State Bank of India (California),707 Wilshire Blvd,34.0492822,-118.256963,Downtown
Banc of California,Banc of California,11611 San Vicente Blvd,34.05361273,-118.4622459,Brentwood
Hanmi Bank,Hanmi Bank,3660 Wilshire Blvd Ste Ph-A,34.0614071,-118.304844,Koreatown
First Credit Bank,First Credit Bank,9255 W Sunset Blvd,34.0901713,-118.39393,Sunset Strip
Banc of California,OLYMPIC-LOS ANGELES BRANCH,11150 W Olympic Blvd,34.0391455,-118.4388843,Sawtelle
"Wells Fargo Bank, National Association",EAST LOS ANGELES BRANCH,5458 Whittier Blvd,34.0195785,-118.152993,
"Wells Fargo Bank, National Association",WHITTIER & INDIANA BRANCH,3800 Whittier Blvd,34.023856,-118.192174,East Los Angeles
"Wells Fargo Bank, National Association",FLORENCE & CENTRAL BRANCH,1144 E Florence Ave,33.974694,-118.2544357,Florence-Graham
"Wells Fargo Bank, National Association",ADAMS & BROADWAY BRANCH,141 W Adams Blvd,34.025466,-118.269835,Historic South-Central
"Wells Fargo Bank, National Association",FIRST INTERSTATE TOWER BRANCH,707 Wilshire Blvd,34.0492822,-118.256963,Downtown
"Wells Fargo Bank, National Association",WILSHIRE-LUCAS BRANCH,1200 Wilshire Blvd,34.05298,-118.265029,Westlake
"Wells Fargo Bank, National Association",BRENTWOOD BRANCH,11836 San Vicente Blvd,34.05274724,-118.4687882,Brentwood
"Wells Fargo Bank, National Association",OLYMPIC & PURDUE,11835 W Olympic Blvd,34.03314058,-118.4502562,Sawtelle
U.S. Bank National Association,CALIFORNIA MART,110 E 9th St,34.0405662,-118.2552219,Downtown
"Wells Fargo Bank, National Association",RANCHO PARK BRANCH,10789 W Pico Blvd,34.04084,-118.42738,West L.A.
"Bank of America, National Association",29TH AND CRENSHAW BRANCH,2907 Crenshaw Blvd,34.02923947,-118.335199,
"Bank of America, National Association",BROADWAY-MANCHESTER BRANCH,8564 S Broadway,33.960692,-118.278183,Vermont Knolls
"Bank of America, National Association",CENTINELA AND LA TIJERA BRANCH,6611 La Cienega Westway St,33.979623,-118.371111,Westchester
"Bank of America, National Association",FIGUEROA AND ADAMS BRANCH,2703 S Figueroa St,34.02700438,-118.2768473,Historic South-Central
"Bank of America, National Association",MELROSE-FAIRFAX BRANCH,7900 Melrose Ave,34.083727,-118.361564,Fairfax
"Bank of America, National Association",RANCHO PARK BRANCH,10731 W Pico Blvd,34.041497,-118.425782,West Los Angeles
"Bank of America, National Association",LINCOLN MANCHESTER BRANCH,7215 W Manchester Ave,33.959926,-118.419542,
U.S. Bank National Association,WESTWOOD BRANCH,10900 Wilshire Blvd,34.05833715,-118.4440653,Westwood
U.S. Bank National Association,BRENTWOOD SQUARE BRANCH,11661 San Vicente Blvd,34.05367574,-118.4640521,Brentwood
"Zions Bancorporation, N.A.",WILSHIRE-SAN VICENTE BRANCH,6500 Wilshire Blvd,34.06384667,-118.3698533,
"Bank of America, National Association",WASHINGTON-CENTINELA BRANCH,12316 W Washington Blvd,33.9967733,-118.4274842,
"Bank of America, National Association",SILVER LAKE-GLENDALE BRANCH,2420 Glendale Blvd,34.10056873,-118.2591201,
"Bank of America, National Association",INTERNATIONAL JEWELRY CENTER BRANCH,550 S Hill St,34.0474814,-118.25258,Downtown
"Bank of America, National Association",HIGHLAND PARK BRANCH,5515 N Figueroa St,34.10840229,-118.1954037,Highland Park
"Bank of America, National Association",CRENSHAW CENTER BRANCH,3945 Crenshaw Blvd,34.01144622,-118.335195,Leimert Park
"Bank of America, National Association",ATLANTIC-WHITTIER BOULEVARD BRANCH,941 S Atlantic Blvd,34.01995512,-118.1575802,East Los Angeles
"Bank of America, National Association",BOYLE HEIGHTS BRANCH,2305 E Cesar E Chavez Ave,34.04725516,-118.2085921,Boyle Heights
"Bank of America, National Association",EAGLE ROCK BRANCH,2263 Colorado Blvd,34.13944925,-118.2155095,Eagle Rock
"Bank of America, National Association",LINCOLN HEIGHTS BRANCH,2400 N Broadway,34.07355007,-118.2162698,Lincoln Heights
"Bank of America, National Association",LA BREA-ROSEWOOD BRANCH,466 N La Brea Ave,34.08000235,-118.3437826,Fairfax
"Bank of America, National Association",PICO-VERMONT BRANCH,1232 S Vermont Ave,34.04845953,-118.2915014,Pico-Union
"Bank of America, National Association",PICO-LA CIENEGA BRANCH,8501 W Pico Blvd,34.053559,-118.376443,South Robertson
"Bank of America, National Association",LOS ANGELES INDUSTRIAL BRANCH,6400 Avalon Blvd,33.981419,-118.265075,Florence
"Bank of America, National Association",SLAUSON-VERMONT BRANCH,5700 S Vermont Ave,33.990366,-118.291383,Vermont Square
"Bank of America, National Association",SUNSET-ECHO PARK BRANCH,1572 W Sunset Blvd,34.07647706,-118.2569046,Echo Park
"Bank of America, National Association",VERMONT-HOLLYWOOD BRANCH,1715 N Vermont Ave,34.10225838,-118.2918711,Los Feliz Neighborhood Council District
"Bank of America, National Association",UNIVERSITY VILLAGE BRANCH,3201 S Hoover St,34.0242828,-118.2841064,University Park
"Bank of America, National Association",LARCHMONT VILLAGE BRANCH,100 N Larchmont Blvd,34.073147,-118.323431,Windsor Square
"Bank of America, National Association",WESTCHESTER BRANCH,8946 S Sepulveda Blvd,33.95501113,-118.3963771,Westchester
"Bank of America, National Association",WESTERN-OLYMPIC BRANCH,3320 W Olympic Blvd,34.05255229,-118.3097539,Koreatown
"Bank of America, National Association",MARTIN LUTHER KING JR. BRANCH,4103 S Western Ave,34.009764,-118.309012,Vermont Square
"Bank of America, National Association",EAST HOLLYWOOD BRANCH,4975 Melrose Ave,34.08359486,-118.3085061,
"Bank of America, National Association",WEST LOS ANGELES BRANCH,11501 Santa Monica Blvd,34.045546,-118.45208,Sawtelle
"Bank of America, National Association",WESTWOOD VILLAGE BRANCH,930 Westwood Blvd,34.06333757,-118.445526,Westwood
"Bank of America, National Association",WHITTIER-SPENCE BRANCH,3475 Whittier Blvd,34.02706378,-118.1991392,
"Bank of America, National Association",WILSHIRE CENTER BRANCH,3442 Wilshire Blvd,34.06166988,-118.2988915,Koreatown
"Bank of America, National Association",WILSHIRE-LA BREA BRANCH,5420 Wilshire Blvd,34.06241348,-118.3465791,Mid-Wilshire
"Bank of America, National Association",BRENTWOOD DISTRICT BRANCH,11911 San Vicente Blvd,34.05242278,-118.4704383,Brentwood
"Bank of America, National Association",WATTS BRANCH,10340 S Central Ave,33.9423288,-118.2540219,
"Bank of America, National Association",LOS ANGELES MAIN BRANCH,888 W 7th St,34.04900045,-118.2590866,Downtown
"Bank of America, National Association",LOS ANGELES CHINATOWN BRANCH,850 N Broadway,34.06315782,-118.2377881,Chinatown
"Bank of America, National Association",MIDTOWN CENTER BRANCH,4649 Venice Blvd,34.04721345,-118.3385711,Mid-Wilshire
"Wells Fargo Bank, National Association",BEVERLY-FAIRFAX BRANCH,137 N Fairfax Ave,34.07470936,-118.3615232,Fairfax
"Wells Fargo Bank, National Association",LARCHMONT VILLAGE BRANCH,245 N Larchmont Blvd,34.07723308,-118.3237416,
"Wells Fargo Bank, National Association",PICO-SWALL DRIVE BRANCH,8901 W Pico Blvd,34.055259,-118.385839,Pico-Robertson
"Wells Fargo Bank, National Association",SUNSET-VERMONT BRANCH,1534 N Vermont Ave,34.099211,-118.291662,
"Wells Fargo Bank, National Association",LOS ANGELES MAIN BRANCH,333 S Grand Ave,34.05225064,-118.2518022,Downtown
"Wells Fargo Bank, National Association",MIRACLE MILE BRANCH,6301 Wilshire Blvd,34.0634455,-118.3655843,
"Wells Fargo Bank, National Association",WESTERN & WILSHIRE BRANCH,670 S Western Ave,34.06090314,-118.3091814,Koreatown
"Wells Fargo Bank, National Association",MARKET & PRODUCE BRANCH,1244 E 8th St,34.02898235,-118.233654,
"Wells Fargo Bank, National Association",DALY STREET BRANCH,2511 Daly St,34.0755345,-118.216565,Lincoln Heights
"Wells Fargo Bank, National Association",BALDWIN HILLS BRANCH,3649 Stocker St,34.00822436,-118.3359991,Leimert Park
"Wells Fargo Bank, National Association",WILSHIRE WESTWOOD BRANCH,10920 Wilshire Blvd,34.0580985,-118.4446424,Westwood
"Bank of America, National Association",BANK OF AMERICA PLAZA BRANCH,333 S Hope St Ste 100,34.05361745,-118.2532727,Downtown
"JPMorgan Chase Bank, National Association",WILSHIRE CENTER BRANCH,3731 Wilshire Blvd,34.06178326,-118.3074884,Koreatown
U.S. Bank National Association,WEST LOS ANGELES BRANCH,4032 S Centinela Ave,33.99883073,-118.42974,
U.S. Bank National Association,LITTLE TOKYO BRANCH,120 S San Pedro St,34.05007627,-118.2410128,Downtown
U.S. Bank National Association,CRENSHAW BRANCH,3060 Crenshaw Blvd,34.0272277,-118.3350008,
"Zions Bancorporation, N.A.",CRENSHAW BRANCH,3810 Crenshaw Blvd,34.01691763,-118.335411,Crenshaw
"Zions Bancorporation, N.A.",WEST LOS ANGELES BRANCH,11345 W Olympic Blvd,34.03782238,-118.4420388,Sawtelle
City National Bank,WESTWOOD BRANCH,10880 Wilshire Blvd,34.05827515,-118.4428348,Westwood
City National Bank,WEST LOS ANGELES BRANCH,11300 W. Olympic Boulevard,34.03792,-118.44134,Sawtelle
City National Bank,LOS ANGELES MAIN BRANCH,525 S Flower St,34.05121531,-118.2565331,Downtown
SMBC MANUBANK,ENCINO BRANCH,16255 Ventura Boulevard,34.15675519,-118.4870422,Encino Neighborhood Council District
First Bank,LA-CHINATOWN BRANCH,725 N Broadway,34.06091798,-118.2391278,Chinatown
SMBC MANUBANK,WARNER CENTER BRANCH,"21550 Oxnard Street, Suite 250",34.17939517,-118.5994877,Warner Center
BMO Bank National Association,LITTLE TOKYO (CB) BRANCH,123 Astronaut E S Onizuka St,34.0498115,-118.24218,Downtown
Comerica Bank,LOS ANGELES REGIONAL BRANCH,601 S Figueroa St,34.05077785,-118.2593021,Downtown
Comerica Bank,LOS ANGELES BRANCH,1840 Century Park E,34.06217571,-118.4151002,Century City
Royal Business Bank,SILVERLAKE-SUNSET BRANCH,1912 W Sunset Blvd,34.07801657,-118.2605669,Echo Park
Bank of Hope,WESTERN-9TH BRANCH,841 S Western Ave,34.05689522,-118.3091676,Koreatown
"Zions Bancorporation, N.A.",LOS ANGELES METRO OFFICE,550 S Hope St,34.0497343,-118.255629,Downtown
City National Bank,CENTURY CITY TOWERS BRANCH,2029 Century Park East A Level,34.05970749,-118.4132069,Century City
Hanmi Bank,OLYMPIC-KINGSLEY BRANCH,3099 W Olympic Blvd,34.052692,-118.302968,Koreatown
Hanmi Bank,VERMONT BRANCH,933 S Vermont Ave,34.055104,-118.291718,Pico-Union
Hanmi Bank,WILSHIRE-HOBART BRANCH,3660 Wilshire Blvd,34.0616348,-118.3048814,Koreatown
Hanmi Bank,DOWNTOWN-LOS ANGELES BRANCH,950 S Los Angeles St,34.04007918,-118.2549225,Downtown
Hanmi Bank,OLYMPIC BRANCH,3737 Olympic Boulevard,34.053424,-118.319117,Koreatown
Hanmi Bank,WESTERN BRANCH,120 S Western Ave,34.07258263,-118.3090316,Koreatown
The Northern Trust Company,CENTURY CITY BRANCH,2049 Century Park E,34.05935569,-118.4129033,Century City
Bank of Hope,BROADWAY BRANCH,1205 S Broadway,34.0380859,-118.2604517,Downtown
Bank of Hope,WESTERN-BEVERLY BRANCH,253 N Western Ave,34.0760338,-118.30954,Koreatown
Bank of Hope,OLYMPIC - VERMONT BRANCH,2727 W Olympic Blvd,34.0527416,-118.2928829,Pico-Union
"Citibank, National Association",WESTCHESTER BRANCH,8800 S Sepulveda Blvd,33.95698905,-118.3957728,Westchester
"Citibank, National Association",WEST HOLLYWOOD - SUNSET/DOHENY BRANCH,9059 W Sunset Blvd,34.09070992,-118.3890581,Sunset Strip
"Citibank, National Association",BRENTWOOD BRANCH,11726 San Vincente Blvd,34.053286,-118.466265,Brentwood
First-Citizens Bank & Trust Company,WEST LOS ANGELES BRANCH,3000 S Sepulveda Blvd,34.027309,-118.428476,
First-Citizens Bank & Trust Company,LA BREA BRANCH,400 N La Brea Ave,34.078395,-118.34394,Fairfax
"JPMorgan Chase Bank, National Association",12335 VENICE BLVD BRANCH,12335 Venice Blvd,34.0040977,-118.4335335,Mar Vista
"JPMorgan Chase Bank, National Association",NORTH FIGUEROA ST BRANCH,5700 N Figueroa St,34.109654,-118.192478,Highland Park
"JPMorgan Chase Bank, National Association",VERMONT AVE BRANCH,5717 S Vermont Ave,33.99027145,-118.2915807,Vermont Square
"JPMorgan Chase Bank, National Association",EL SERENO BRANCH,4887 Huntington Dr N,34.085752,-118.1804441,Montecito Heights
"JPMorgan Chase Bank, National Association",LA BREA BRANCH,449 N La Brea Ave,34.07925114,-118.34414,Fairfax
"JPMorgan Chase Bank, National Association",WESTWOOD BRANCH,1550 Westwood Blvd,34.05352124,-118.4400687,
"JPMorgan Chase Bank, National Association",PICO BEVERLY BRANCH,1180 S Beverly Dr,34.05661095,-118.3961981,Pico-Robertson
U.S. Bank National Association,FAIRFAX BRANCH,145 S Fairfax Ave,34.07303155,-118.3617277,Fairfax
"Citibank, National Association",LOS ANGELES-KOREA TOWN,3530 Wilshire Blvd,34.06165269,-118.3017696,Koreatown
"Citibank, National Association",LOS ANGELES-BOYLE HEIGHTS,3479 E 1st St,34.03645633,-118.1932638,
"JPMorgan Chase Bank, National Association",888 WEST 7TH STREET BRANCH,725 S Figueroa St,34.0487308,-118.2611292,Downtown
First-Citizens Bank & Trust Company,WESTCHESTER BRANCH,8750 S Sepulveda Blvd,33.95794308,-118.3963952,Westchester
"Citibank, National Association",SILVERLAKE BRANCH,2450 Glendale Blvd,34.1016888,-118.2588589,
"JPMorgan Chase Bank, National Association",HANCOCK PARK BRANCH,4333 Wilshire Blvd,34.06188041,-118.322237,
"JPMorgan Chase Bank, National Association",CRENSHAW BRANCH,4401 Crenshaw Blvd,34.00322145,-118.3321508,
"JPMorgan Chase Bank, National Association",FAIRFAX BRANCH,310 N Fairfax Ave,34.07641739,-118.361333,Fairfax
"JPMorgan Chase Bank, National Association",WEST MANCHESTER AVENUE BRANCH,1027 W Manchester Ave,33.96010589,-118.292509,Vermont Knolls
"JPMorgan Chase Bank, National Association",CENTURY CITY BRANCH,10250 Santa Monica Blvd,34.058913,-118.419345,Century City
"JPMorgan Chase Bank, National Association",FOURTH AND HOPE BRANCH,400 S Hope St,34.0515586,-118.2532114,Downtown
"JPMorgan Chase Bank, National Association",EAST LOS ANGELES BRANCH,5301 Whittier Blvd,34.02005712,-118.1560498,East Los Angeles
"JPMorgan Chase Bank, National Association",SEPULVEDA AND LA TIJERA BRANCH,8813 S Sepulveda Blvd,33.95572921,-118.3963779,Westchester
"JPMorgan Chase Bank, National Association",WEST LOS ANGELES BRANCH,11285 National Blvd,34.02646048,-118.4311594,
"JPMorgan Chase Bank, National Association",LARCHMONT VILLAGE BRANCH,101 N Larchmont Blvd,34.07633,-118.323738,
"Citibank, National Association",LOS ANGELES-CENTURY CITY BRANCH,1900 Avenue Of The Stars,34.05997107,-118.4169732,Century City
"Citibank, National Association",LOS ANGELES-MOUNT VERNON BRANCH,270 N Vermont Ave,34.075751,-118.2915843,
"Citibank, National Association",LOS ANGELES-ECHO PARK BRANCH,1900 W Sunset Blvd,34.078024,-118.260513,Echo Park
"Citibank, National Association",5015 EAGLE ROCK BLVD BRANCH,5015 Eagle Rock Blvd,34.13745542,-118.2147243,Eagle Rock
"Citibank, National Association",LOS ANGELES-RANCHO PARK PICO BRANCH,10680 W Pico Blvd,34.04209957,-118.4241934,West Los Angeles
"Citibank, National Association",LOS ANGELES-HOLLYWOOD BRANCH,5000 W Sunset Blvd,34.098048,-118.298472,
"Citibank, National Association",LOS ANGELES-WATTS BRANCH,1601 E 103rd St,33.94313898,-118.2433961,
"Citibank, National Association",LOS ANGELES-EAST WHITTIER,5401 Whittier Blvd,34.01963009,-118.1540618,East Los Angeles
"Citibank, National Association",LOS ANGELES-LOS FELIZ,1859 Hillhurst Ave,34.10474517,-118.2875123,Los Feliz Neighborhood Council District
"Citibank, National Association",LOS ANGELES-FAIRFAX,300 S Fairfax Ave,34.07326376,-118.3613186,Fairfax
"JPMorgan Chase Bank, National Association",WESTCHESTER PLAYA BRANCH,7151 W Manchester Ave,33.95993096,-118.4177327,
U.S. Bank National Association,LA BREA BRANCH,736 N La Brea Ave,34.08413735,-118.3439517,Fairfax
Universal Bank,EAGLE ROCK - BRANCH,2575 Colorado Blvd,34.14201,-118.2224645,Eagle Rock
"JPMorgan Chase Bank, National Association",BOYLE HEIGHTS BRANCH,2301 E 1st St,34.044241,-118.210756,Boyle Heights
"JPMorgan Chase Bank, National Association",SOUTH SOTO STREET BRANCH,1350 S Soto St,34.025422,-118.219625,
"JPMorgan Chase Bank, National Association",PARK LABREA BRANCH,6120 W 3rd St,34.07036114,-118.35371,Fairfax
U.S. Bank National Association,ATWATER BRANCH,3355 Glendale Blvd,34.11966095,-118.2595312,Atwater Village
U.S. Bank National Association,HIGHLAND PARK BRANCH,6301 N Figueroa St,34.115614,-118.184364,Highland Park
East West Bank,SILVERLAKE BRANCH,2496 Glendale Blvd,34.09798796,-118.2595818,
East West Bank,LINCOLN HEIGHTS BRANCH,2601 N Broadway,34.07373207,-118.2149852,Lincoln Heights
East West Bank,LOS ANGELES CHINATOWN BRANCH,900 N Broadway,34.06444835,-118.2369427,Chinatown
"Bank of America, National Association",BALDWIN HILLS VILLAGE BRANCH,3615 S La Brea Ave,34.02119707,-118.3557085,West Adams
East West Bank,LA CHINATOWN - HILL BRANCH,767 N Hill St,34.06209896,-118.2399777,Chinatown
"JPMorgan Chase Bank, National Association",RANCHO PARK BRANCH,10701 W Pico Blvd,34.04195,-118.424832,West Los Angeles
"JPMorgan Chase Bank, National Association",WATTS BRANCH,10221 Compton Ave,33.94398267,-118.2463386,
"Citibank, National Association",LOS ANGELES BRANCH,211 S Central Ave,34.0465366,-118.2394135,Downtown
Bank of Hope,SAN PEDRO MART BRANCH,1100 S San Pedro St Unit L21-L25,34.03551708,-118.2518658,Downtown
Woori America Bank,WILSHIRE BRANCH,3540 Wilshire Blvd,34.0615618,-118.301721,Koreatown
"Citibank, National Association",LA MAIN,787 W 5th St,34.05160805,-118.2551088,Downtown
Columbia Bank,BRENTWOOD BRANCH,11661 San Vicente Blvd,34.05367574,-118.4640521,Brentwood
Bank of Hope,Bank of Hope,3200 Wilshire Blvd,34.06171,-118.291786,Koreatown
"Citibank, National Association",SOUTH VERNONT BRANCH,3615 S Vermont Ave,34.02269632,-118.291636,Exposition Park
"Wells Fargo Bank, National Association",LITTLE TOKYO  BRANCH,232 E 2nd St,34.0494625,-118.2427823,Downtown
U.S. Bank National Association,BOYLE HEIGHTS BRANCH,2708 E 1st St,34.04187594,-118.2058414,Boyle Heights
U.S. Bank National Association,SLAUSON & CRENSHAW BRANCH,5760 Crenshaw Blvd,33.98975906,-118.3304993,Hyde Park
PCB Bank,PCB Bank,3701 Wilshire Blvd,34.06228095,-118.3068421,Koreatown
Bank of Hope,WILSHIRE-HARVARD BRANCH,3600 Wilshire Blvd,34.0622784,-118.2988969,Koreatown
"City First Bank, National Association",SOUTH FIGUEROA STREET BRANCH,4001 S Figueroa St,34.011019,-118.282831,
Bank of Hope,OLYMPIC - HOOVER BRANCH,2222 W Olympic Blvd,34.05209186,-118.2813829,Pico-Union
U.S. Bank National Association,BALDWIN HILLS BRANCH,3605 S La Brea Ave,34.02134702,-118.355711,West Adams
Shinhan Bank America,CALIFORNIA REGIONAL OFFICE/OLYMPIC BRANCH,3000 W Olympic Blvd,34.052541,-118.300164,Koreatown
MidFirst Bank,CENTURY CITY BRANCH,1875 Century Park E,34.06184094,-118.415054,Century City
U.S. Bank National Association,US BANK TOWER BRANCH,633 W 5th St,34.0510508,-118.2544132,Downtown
"Citibank, National Association",LOS ANGELES-MIRACLE MILE BRANCH,5670 Wilshire Blvd,34.06251833,-118.3519058,Mid-Wilshire
United Business Bank,LOS ANGELES BRANCH,3333 Wilshire Blvd,34.0619246,-118.2956559,Koreatown
Commonwealth Business Bank,Commonwealth Business Bank,3435 Wilshire Blvd,34.06183335,-118.2989835,Koreatown
Banc of California,LOS ANGELES MAIN BRANCH,900 Wilshire Blvd,34.05015255,-118.2603791,Downtown
U.S. Bank National Association,LOS FELIZ BRANCH,1702 N Vermont Ave,34.1019327,-118.2916711,Los Feliz Neighborhood Council District
"Wells Fargo Bank, National Association",PALMS BRANCH,11116 Palms Blvd,34.01976306,-118.4210111,Palms
U.S. Bank National Association,WEST THIRD STREET VONS BRANCH,3461 W 3rd St,34.0697992,-118.290693,Koreatown
"Wells Fargo Bank, National Association",GLENDALE GATEWAY BRANCH,2933 Los Feliz Blvd,34.12554541,-118.2647981,
OneUnited Bank,CRENSHAW BRANCH,3683 Crenshaw Blvd,34.02041546,-118.335197,Crenshaw
Open Bank,Open Bank,1000 Wilshire Blvd,34.051474,-118.261657,Downtown
"Wells Fargo Bank, National Association",CULVER CITY BRANCH,3321 S La Cienega Boulevard,34.02779665,-118.3721129,
City National Bank,BUNKER HILL BRANCH,350 S Grand Ave,34.0527805,-118.25159,Downtown
Enterprise Bank & Trust,DOWNTOWN LOS ANGELES BRANCH,550 S Hope St,34.0497343,-118.255629,Downtown
U.S. Bank National Association,LARCHMONT BRANCH,157 N Larchmont Blvd,34.0766812,-118.3237394,
Hanmi Bank,KOREATOWN GALLERIA BRANCH,3250 W Olympic Blvd,34.05204,-118.3085338,Koreatown
Eastern International Bank,Eastern International Bank,688 New High St,34.05978602,-118.2386561,Chinatown
Comerica Bank,BRENTWOOD BRANCH,12001 San Vicente Blvd,34.0519338,-118.4730131,Brentwood
Comerica Bank,LOS ANGELES-CRENSHAW BRANCH,3825 Crenshaw Blvd,34.01658431,-118.334784,Crenshaw
Israel Discount Bank of New York,DOWNTOWN LOS ANGELES BRANCH,888 S Figueroa St,34.04633079,-118.2625655,Downtown
Commonwealth Business Bank,DOWNTOWN CENTER,1001 Towne Ave,34.03413,-118.249776,Downtown
PCB Bank,DOWNTOWN FASHION DISTRICT BRANCH,777 E 12th St Ste 200,34.03274896,-118.251213,Fashion District
Woori America Bank,OLYMPIC BRANCH,3360 W Olympic Blvd,34.052552,-118.311297,Koreatown
"Wells Fargo Bank, National Association",MIDTOWN PLAZA BRANCH,4700 W Pico Blvd,34.0484016,-118.3379763,Mid-Wilshire
"Bank of America, National Association",FRANKLIN AND HILLHURST BRANCH,4510 Franklin Ave,34.1051507,-118.2876965,Los Feliz Neighborhood Council District
"JPMorgan Chase Bank, National Association",LOS ANGELES - GAGE CENTER BRANCH,1435 W Gage Ave,33.98243004,-118.3013537,
"JPMorgan Chase Bank, National Association",LEIMERT PARK BRANCH,3738 Crenshaw Blvd,34.01783032,-118.335411,Crenshaw
PCB Bank,OLYMPIC BRANCH,2730 W Olympic Blvd,34.0525754,-118.2931066,Pico-Union
U.S. Bank National Association,LA/VERMONT BRANCH,2604 S Vermont Ave,34.03171,-118.29144,University Park
U.S. Bank National Association,WESTCHESTER RALPHS BRANCH,8824 S Sepulveda Blvd,33.956158,-118.3974289,Westchester
U.S. Bank National Association,MIRACLE MILE BRANCH,5670 Wilshire Blvd,34.06251833,-118.3519058,Mid-Wilshire
Comerica Bank,CENTURY CITY BRANCH,2000 Avenue Of The Stars,34.0583138,-118.4146758,Century City
Comerica Bank,HOLLYWOOD BRANCH,6255 W Sunset Blvd,34.0980915,-118.3241106,Hollywood
"Citibank, National Association",LOS ANGELES-CHINATOWN BRANCH,800 N Hill St,34.063052,-118.239232,Chinatown
Royal Business Bank,Royal Business Bank,1055 Wilshire Blvd,34.052325,-118.2629377,Downtown
Preferred Bank,Preferred Bank,601 S Figueroa St,34.05077785,-118.2593021,Downtown
"Mizrahi Tefahot Bank, Ltd.","Mizrahi Tefahot Bank, Ltd.",633 W 5th St,34.0510508,-118.2544132,Downtown
Habib American Bank,LOS ANGELES BRANCH,928 S Broadway,34.041828,-118.2564051,Downtown
U.S. Bank National Association,SAN FERNANDO SUPER KING MARKET BRANC,2716 N San Fernando Rd,34.10960035,-118.2430447,
Comerica Bank,LOS ANGELES KOREATOWN BANKING CENTER,635 S Hobart Blvd,34.06277569,-118.3054486,Koreatown
"JPMorgan Chase Bank, National Association",SANTA MONICA SALTAIR BRANCH,11975 Santa Monica Blvd,34.041204,-118.4620485,Sawtelle
Mechanics Bank,LOS ANGELES BRANCH,1118 N Vermont Ave,34.09148738,-118.2916379,East Hollywood
"JPMorgan Chase Bank, National Association",BRENTWOOD BRANCH,11770 San Vicente Blvd,34.05297105,-118.4676633,Brentwood
Commercial Bank of California,FAIRFAX BRANCH,145 S Fairfax Ave Ste 100,34.07303155,-118.3617277,Fairfax
"JPMorgan Chase Bank, National Association",WILSHIRE HAUSER BRANCH,5600 Wilshire Blvd,34.06222,-118.350656,Mid-Wilshire
Western Alliance Bank,DOWNTOWN LOS ANGELES BRANCH,601 W 5th St,34.05072275,-118.2539703,Downtown
City National Bank,BRENTWOOD BRANCH,11677 San Vicente Blvd,34.0542143,-118.4652288,Brentwood
State Bank of India (California),LOS ANGELES BRANCH,707 Wilshire Blvd,34.0492822,-118.256963,Downtown
"JPMorgan Chase Bank, National Association",JEFFERSON AND FIGUEROA BRANCH,3335 S Figueroa St,34.02234586,-118.2798163,Historic South-Central
"JPMorgan Chase Bank, National Association",COLORADO AND EAGLE ROCK BRANCH,2175 Colorado Blvd,34.13929611,-118.2136856,Eagle Rock
"JPMorgan Chase Bank, National Association",LOS FELIZ AND HILLHURST BRANCH,4500 Los Feliz Blvd,34.1116128,-118.287845,Los Feliz Neighborhood Council District
"JPMorgan Chase Bank, National Association",HOLLYWOOD AND WESTERN BRANCH,5445 Hollywood Blvd,34.10181876,-118.3081433,
Banc of California,CENTURY CITY BRANCH,1880 Century Park E,34.06155388,-118.4145605,Century City
"Wilmington Trust, National Association",LOS ANGELES OFFICE,10250 Constellation Blvd,34.05704505,-118.417508,Century City
"JPMorgan Chase Bank, National Association",SUNSET & ORANGE GROVE BANKING CENTER BRANCH,7833 W Sunset Blvd,34.098151,-118.3599467,
"JPMorgan Chase Bank, National Association",PICO & LA CIENEGA BANKING CNETER BRANCH,6161 W Pico Blvd,34.053399,-118.375568,Carthay
U.S. Bank National Association,OLYMPIC & FIGUEROA BRANCH,710 W Olympic Blvd,34.0444319,-118.2630472,Downtown
"Wells Fargo Bank, National Association",LSG LOS ANGELES PB OFFICE,707 Wilshire Blvd,34.0492822,-118.256963,Downtown
"JPMorgan Chase Bank, National Association",LOS FELIZ AND SENECA AVE BRANCH,2915 Los Feliz Blvd,34.12567183,-118.2645597,
"JPMorgan Chase Bank, National Association",OLYMPIC AND NORMANDIE BRANCH,2970 W Olympic Blvd,34.05254433,-118.2994091,Koreatown
"Citibank, National Association",WILSHIRE AND WESTWOOD BRANCH,10900 Wilshire Blvd,34.05833715,-118.4440653,Westwood
"Citibank, National Association",PRIVATE BANK BRANCH - LOS ANGELES BRANCH,300 S Grand Ave,34.052874,-118.251217,Downtown
First Foundation Bank,WESTWOOD OFFICE,10850 Wilshire Blvd,34.0590883,-118.4411891,Westwood
Banner Bank,LOS ANGELES BRANCH,7182 Beverly Blvd,34.07607543,-118.3458899,Fairfax
"JPMorgan Chase Bank, National Association",FIRST AND SAN PEDRO BANKING CENTER,100 S San Pedro St,34.0501641,-118.2408677,Downtown
Open Bank,AROMA BRANCH,3680 Wilshire Blvd,34.061631,-118.305493,Koreatown
Open Bank,FASHION DISTRICT BRANCH,"747 E. 10th Street, #310 & 311",34.03503708,-118.2504215,Downtown
Bank of Hope,OLYMPIC WESTERN,3267 W Olympic Blvd,34.052725,-118.307567,Koreatown
Valley National Bank,LOS ANGELES BRANCH,555 W 5th St,34.04991716,-118.2533706,Downtown
"JPMorgan Chase Bank, National Association",VENICE AND SAN VICENTE BRANCH,4550 W Pico Blvd,34.047521,-118.33693,Mid-Wilshire
Banc of California,LOS ANGELES - LOAN PRODUCTION OFFICE,601 S Figueroa St Ste 1850,34.05077785,-118.2593021,Downtown
U.S. Bank National Association,LOS ANGELES - ABRAHAM LINCOLN HS,3501 N Broadway,34.073892,-118.203755,Lincoln Heights
U.S. Bank National Association,LOS ANGELES-CRENSHAW HIGH SCHOOL BRANCH,5010 11th Ave,33.99801616,-118.329265,Hyde Park
First Western Trust Bank,FIRST WESTERN TRUST BANK CENTURY CITY BRANCH,1901 Avenue Of The Stars,34.05995964,-118.4169618,Century City
"Wells Fargo Bank, National Association",EAGLE ROCK BRANCH,7315 N Figueroa St,34.1368314,-118.1895023,
"JPMorgan Chase Bank, National Association",CENTRAL AND SLAUSON,5857 S Central Ave,33.9879522,-118.257156,South Park
"Wells Fargo Bank, National Association",KOREATOWN BRANCH,3150 Wilshire Blvd,34.0613794,-118.2912663,Koreatown
Open Bank,OLYMPIC BRANCH,3030 W Olympic Blvd,34.052532,-118.301922,Koreatown
Citizens Business Bank,CENTURY CITY BRANCH,1900 Avenue Of The Stars,34.05997107,-118.4169732,Century City
"BNY Mellon, National Association",CENTURY CITY OFFICE BRANCH,2029 Century Park E,34.05970749,-118.4132069,Century City
Open Bank,WESTERN BRANCH,550 S Western Ave,34.06440751,-118.3089969,Koreatown
Wallis Bank,WALL STREET BRANCH,855 Wall St,34.03942331,-118.2512862,Downtown
PCB Bank,WESTERN OFFICE,450 S Western Ave,34.06622102,-118.3090039,Koreatown
PCB Bank,LITTLE TOKYO BRANCH,333 S Alameda St,34.0455235,-118.2385537,Downtown
"Wells Fargo Bank, National Association",SILVER LAKE BRANCH,2544 Glendale Blvd,34.10360621,-118.2591045,
"Wells Fargo Bank, National Association",8TH & GRAND BRANCH,750 S Grand Ave,34.0466095,-118.2569522,Downtown
US Metro Bank,WILSHIRE BRANCH,3580 Wilshire Blvd Ste 101,34.061646,-118.3029771,Koreatown
Commonwealth Business Bank,COMMONWEALTH BUSINESS BANK OLYMPIC BRANCH,3121 W Olympic Blvd,34.05268833,-118.3037643,Koreatown
US Metro Bank,DOWNTOWN LA,807 E 12th St,34.03246829,-118.2506162,Fashion District
Bank OZK,LOS ANGELES RESG,1999 Avenue Of The Stars,34.058658,-118.416144,Century City
City National Bank,CRENSHAW DISTRICT BRANCH,3739 Crenshaw Blvd,34.01921767,-118.3351966,Crenshaw
MidFirst Bank,DOWNTOWN LOS ANGELES BRANCH,1320 E 7th St,34.0365686,-118.2410236,Downtown
"JPMorgan Chase Bank, National Association",GRAND AND 11TH,1050 S Grand Ave,34.04220986,-118.2612299,Downtown
Commercial Bank of California,LOS ANGELES BRANCH,915 Wilshire Blvd,34.05029057,-118.259435,Downtown
"EverBank, National Association",KOREATOWN BRANCH,3640 Wilshire Blvd,34.0616368,-118.3045318,Koreatown
Poppy Bank,LOS ANGELES/WESTWOOD,10861 Weyburn Ave,34.0633324,-118.4439456,Westwood
American Business Bank,American Business Bank,400 S Hope St,34.0515586,-118.2532114,Downtown
City National Bank,HOLLYWOOD BRANCH,1601 Vine St,34.100517,-118.326771,Hollywood
"Wells Fargo Bank, National Association",CRENSHAW & SLAUSON BRANCH,3290 W Slauson Ave,33.98893849,-118.3291816,Hyde Park
First IC Bank,LA BRANCH,3345 Wilshire Blvd Ste 10,34.0620573,-118.2962675,Koreatown
First-Citizens Bank & Trust Company,JORDAN DOWNS BRANCH,9950 Laurel St,33.9482784,-118.230608,
Banc of California,BRENTWOOD BRANCH,11611 San Vicente Blvd,34.05361273,-118.4622459,Brentwood
"California Bank of Commerce, National Association",WEST L.A. BRANCH,1640 S Sepulveda Blvd Ste 130,34.04855554,-118.4449471,Sawtelle
"JPMorgan Chase Bank, National Association",LA LIVE BRANCH,1200 S Figueroa St,34.0413588,-118.2667579,Downtown
Citizens Business Bank,CENTURY CITY BUSINESS FINANCIAL CENTER BRANCH,1880 Century Park E,34.06155388,-118.4145605,Century City
"JPMorgan Chase Bank, National Association",WESTWOOD VILLAGE BRANCH,10929 Wilshire Blvd,34.05861677,-118.4448058,Westwood
East West Bank,DOWNTOWN LOS ANGELES BRANCH,888 W 6th St,34.05066863,-118.2584066,Downtown
US Metro Bank,OLYMPIC BRANCH,2800 W. Olympic Blvd.,34.052567,-118.294898,Pico-Union
Mechanics Bank,HOLLYWOOD BLVD. BRANCH,4850 Hollywood Blvd. Suite R5,34.1015014,-118.295701,
Southwestern National Bank,WILSHIRE BRANCH,"3530 Wilshire Boulevard, Suite #1520",34.06165269,-118.3017696,Koreatown
"Sunflower Bank, National Association",LOS ANGELES CENTURY PARK BRANCH,1888 Century Park E,34.06142942,-118.4144527,Century City
PCB Bank,PCB BANK WESTERN BRANCH,928 S. Western Ave.,34.054562,-118.30896,Koreatown
Columbia Bank,CRENSHAW FINANCIAL HUB BRANCH,3000 Crenshaw Blvd,34.027498,-118.335001,
"Hana Bank USA, National Association",LOS ANGELES BRANCH,3194 W Olympic Blvd,34.0525115,-118.3060709,Koreatown
BMO Bank National Association,LOS ANGELES-6200 W SUNSET BLVD BRANCH,6200 W Sunset Blvd,34.097929,-118.323867,Hollywood
BMO Bank National Association,LOS ANGELES - 8492 SOUTH VERMONT AVENUE BRANCH,8492 S Vermont Ave,33.96140465,-118.2913509,Vermont Knolls
BMO Bank National Association,LOS ANGELES - 8492 SOUTH VERMONT AVENUE BRANCH,8492 S Vermont Ave,33.96140465,-118.2913509,Vermont Knolls
BMO Bank National Association,LOS ANGELES-6200 W SUNSET BLVD BRANCH,6200 W Sunset Blvd Ste 1110,34.097929,-118.323867,Hollywood